{
	"credit": "Made with Blockbench",
	"textures": {
		"2": "block/bell_bottom",
		"3": "block/bell_side",
		"4": "block/bell_top",
		"bar": "block/dark_oak_planks",
		"particle": "block/bell_bottom"
	},
	"elements": [
		{
			"from": [7, 13, 7],
			"to": [9, 16, 9],
			"faces": {
				"north": {"uv": [7, 2, 9, 5], "texture": "#bar"},
				"east": {"uv": [1, 2, 3, 5], "texture": "#bar"},
				"south": {"uv": [6, 2, 8, 5], "texture": "#bar"},
				"west": {"uv": [4, 2, 6, 5], "texture": "#bar"},
				"up": {"uv": [1, 3, 3, 5], "texture": "#bar", "cullface": "up"}
			}
		},
		{
			"from": [5, 6, 5],
			"to": [11, 13, 11],
			"faces": {
				"north": {"uv": [1, 0, 7, 7], "texture": "#3"},
				"east": {"uv": [1, 0, 7, 7], "texture": "#3"},
				"south": {"uv": [1, 0, 7, 7], "texture": "#3"},
				"west": {"uv": [1, 0, 7, 7], "texture": "#3"},
				"up": {"uv": [1, 1, 7, 7], "texture": "#4"},
				"down": {"uv": [0, 0, 6, 6], "texture": "#4"}
			}
		},
		{
			"from": [4, 4, 4],
			"to": [12, 6, 12],
			"faces": {
				"north": {"uv": [0, 7, 8, 9], "texture": "#3"},
				"east": {"uv": [0, 7, 8, 9], "texture": "#3"},
				"south": {"uv": [0, 7, 8, 9], "texture": "#3"},
				"west": {"uv": [0, 7, 8, 9], "texture": "#3"},
				"up": {"uv": [0, 0, 8, 8], "texture": "#2"},
				"down": {"uv": [0, 0, 8, 8], "texture": "#2"}
			}
		}
	],
	"display": {
		"gui": {
		  "rotation": [30, 225, 0],
		  "translation": [0, -1, 0],
		  "scale": [0.85, 0.85, 0.85]
		},
		"thirdperson_righthand": {
			"rotation": [75, 45, 0],
			"translation": [0, -2.5, -3.75],
			"scale": [0.625, 0.625, 0.625]
		  },
		  "thirdperson_lefthand": {
			"rotation": [75, 225, 0],
			"translation": [0, -3, -3.75],
			"scale": [0.625, 0.625, 0.625]
		  },
		"firstperson_righthand": {
		  "rotation": [0, 45, 0],
		  "scale": [0.625, 0.625, 0.625]
		},
		"firstperson_lefthand": {
		  "rotation": [0, 225, 0],
		  "scale": [0.625, 0.625, 0.625]
		},
		"ground": {
		  "translation": [0, 2, 0],
		  "scale": [0.4, 0.4, 0.4]   
		},
		"head": {
		 "translation": [0, 14.5, 0]
		},
		"fixed": {
		  "rotation": [0, 90, 0],
		  "translation": [0, -0.5, 0],
		  "scale": [0.5, 0.5, 0.5]
		}
	}
}