{
    "parent": "block/tripwire_hook",
    "display": {
		"gui": {
			"rotation": [30, 135, 0],
			"translation": [-3, 0, 0],
			"scale": [1, 1, 1]
		},
        "thirdperson_righthand": {
            "rotation": [75, 0, 0],
            "translation": [0, 4, 1],
            "scale": [0.5, 0.5, 0.5]
        },
          "thirdperson_lefthand": {
            "rotation": [75, 0, 0],
            "translation": [0, 4, 1],
            "scale": [0.5, 0.5, 0.5]
        },
          "firstperson_righthand": {
            "rotation": [0, -225, 0],
            "scale": [0.5, 0.5, 0.5]
        },
          "firstperson_lefthand": {
            "rotation": [0, -225, 0],
            "scale": [0.5, 0.5, 0.5]
        },
          "ground": {
            "translation": [0, 3, -1.75],
            "scale": [0.4, 0.4, 0.4]   
        },
		"fixed": {
			"rotation": [0, 0, 0],
			"translation": [0, 2, -7],
			"scale": [1, 1, 1]
		}
	}
}
