{
	"credit": "Made with Blockbench",
	"parent": "block/block",
	"textures": {
		"particle": "block/turtle_egg",
		"all": "block/turtle_egg"
	},
	"elements": [
		{
			"from": [6, 0, 6],
			"to": [10, 7, 10],
			"faces": {
				"north": {"uv": [1, 4, 5, 11], "texture": "#all"},
				"east": {"uv": [1, 4, 5, 11], "texture": "#all"},
				"south": {"uv": [1, 4, 5, 11], "texture": "#all"},
				"west": {"uv": [1, 4, 5, 11], "texture": "#all"},
				"up": {"uv": [0, 0, 4, 4], "texture": "#all"},
				"down": {"uv": [0, 0, 4, 4], "texture": "#all", "cullface": "down"}
			}
		}
	],
	"display": {
		"gui": {
		  "rotation": [30, 45, 0],
		  "translation": [0, 3.5, 0],
		  "scale": [1.125, 1.125, 1.125]
		},
		"thirdperson_righthand": {
		  "rotation": [75, 45, 0],
		  "translation": [0, 1.5, 2],
		  "scale": [0.375, 0.375, 0.375]
		},
		"thirdperson_lefthand": {
		  "rotation": [75, 225, 0],
		  "translation": [0, 1.5, 2],
		  "scale": [0.375, 0.375, 0.375]
		},
		"firstperson_righthand": {
		  "rotation": [0, 45, 0],
		  "translation": [0, 2.5, 0],
		  "scale": [0.5, 0.5, 0.5]
		},
		"firstperson_lefthand": {
		  "rotation": [0, 225, 0],
		  "translation": [0, 2.5, 0],
		  "scale": [0.5, 0.5, 0.5]
		},
		"ground": {
		  "translation": [0, 3, 0],
		  "scale": [0.35, 0.35, 0.35]   
		},
		"head": {
		 "translation": [0, 14.5, 0]
		},
		"fixed": {
		  "rotation": [0, 90, 0],
		  "translation": [0, 3.5, 0],
		  "scale": [0.75, 0.75, 0.75]
		}
	  }
}