{
  "has_precipitation": false,
  "temperature": 2,
  "downfall": 0,
  "effects": {
    "particle": {
      "options": {
        "type": "wastped:wind_particle"
      },
      "probability": 0.005
    },
    "foliage_color": 10387789,
    "grass_color": 9470285,
    "sky_color": -987942,
    "fog_color": 12638463,
    "water_color": 4159204,
    "water_fog_color": 329011
  },
  "spawners": {
    "monster": [
      {
        "type": "wastped:indian_male",
        "weight": 33,
        "minCount": 4,
        "maxCount": 8
      },
      {
        "type": "wastped:indian_female",
        "weight": 33,
        "minCount": 4,
        "maxCount": 8
      }
    ],
    "creature": [
      {
        "type": "wastped:anfira",
        "weight": 3,
        "minCount": 1,
        "maxCount": 1
      }
    ],
    "ambient": [],
    "axolotls": [],
    "underground_water_creature": [],
    "water_creature": [],
    "water_ambient": [],
    "misc": []
  },
  "spawn_costs": {},
  "carvers": {},
  "features": [
    [],
    [],
    [
      "minecraft:amethyst_geode"
    ],
    [],
    [
      "minecraft:desert_well"
    ],
    [],
    [],
    [],
    [],
    [
      "wastped:desert_tree",
      "minecraft:patch_dead_bush_2"
    ],
    []
  ]
}